Na1=A*D1,Na2=k1*M1*B*D3,Na3=-k1*M1*B*D2,Na4=CER1o,Na5=CER1o,Na6=CER1o,Na7=CER1o,Na8=CER1o,Na9=CER1o,Na10=CER1o,Na11=CER1o,Na12=CER1o,Na13=CER1o,Na14=CER1o,Na15=CER1o,Na16=CER1o,Na17=CER1o,Na18=CER1o
Nb1=CER1o,Nb2=E0*k2*M2*B*D3,Nb3=E0*k2*M2*B*D2,Nb4=-ER1*C*D4,Nb5=ER1*C*D5,Nb6=CER1o,Nb7=CER1o,Nb8=CER1o,Nb9=CER1o,Nb10=CER1o,Nb11=CER1o,Nb12=CER1o,Nb13=CER1o,Nb14=CER1o,Nb15=CER1o,Nb16=CER1o,Nb17=CER1o,Nb18=CER1o
Nc1=M1T*Uno,Nc2=-k7*Uno,Nc3=k7*Uno,Nc4=CER1o,Nc5=CER1o,Nc6=CER1o,Nc7=CER1o,Nc8=CER1o,Nc9=CER1o,Nc10=CER1o,Nc11=CER1o,Nc12=CER1o,Nc13=CER1o,Nc14=CER1o,Nc15=CER1o,Nc16=CER1o,Nc17=CER1o,Nc18=CER1o
Nd1=CER1o,Nd2=k7*Uno,Nd3=k7*Uno,Nd4=-M2T*Uno,Nd5=M2T*Uno,Nd6=CER1o,Nd7=-M3T*Uno,Nd8=M3T*Uno,Nd9=-M4T*Uno,Nd10=CER1o,Nd11=CER1o,Nd12=CER1o,Nd13=CER1o,Nd14=CER1o,Nd15=CER1o,Nd16=CER1o,Nd17=CER1o,Nd18=CER1o
Ne1=CER1o,Ne2=CER1o,Ne3=CER1o,Ne4=ER1*C*D5,Ne5=ER1*C*D4,Ne6=CER1o,Ne7=CER1o,Ne8=CER1o,Ne9=CER1o,Ne10=-E0*k2*M5*G*D10,Ne11=-E0*k2*M5*G*D9,Ne12=CER1o,Ne13=CER1o,Ne14=CER1o,Ne15=CER1o,Ne16=CER1o,Ne17=CER1o,Ne18=CER1o
Nf1=CER1o,Nf2=CER1o,Nf3=CER1o,Nf4=M5T*Uno,Nf5=M5T*Uno,Nf6=M6T*Uno,Nf7=CER1o,Nf8=CER1o,Nf9=CER1o,Nf10=-k8*Uno,Nf11=k8*Uno,Nf12=CER1o,Nf13=CER1o,Nf14=CER1o,Nf15=CER1o,Nf16=CER1o,Nf17=CER1o,Nf18=CER1o
Ng1=CER1o,Ng2=E0*k3*M3*B*D3,Ng3=EO*k3*M3*B*D2,Ng4=CER1o,Ng5=CER1o,Ng6=CER1o,Ng7=-ER1*E*D7,Ng8=ER1*E*D7,Ng9=CER1o,Ng10=CER1o,Ng11=CER1o,Ng12=CER1o,Ng13=CER1o,Ng14=CER1o,Ng15=CER1o,Ng16=CER1o,Ng17=CER1o,Ng18=CER1o
Nh1=CER1o,Nh2=CER1o,Nh3=CER1o,Nh4=CER1o,Nh5=CER1o,Nh6=CER1o,Nh7=ER1*E*D7,Nh8=ER1*E*D6,Nh9=CER1o,Nh10=CER1o,Nh11=CER1o,Nh12=E0*k3*M7*H*D13,Nh13=-E0*k3*M7*H*D12,Nh14=CER1o,Nh15=CER1o,Nh16=CER1o,Nh17=CER1o,Nh18=CER1o
Ni1=CER1o,Ni2=E0*k4*M4*B*D3,Ni3=E0*k4*M4*B*D2,Ni4=CER1o,Ni5=CER1o,Ni6=CER1o,Ni7=CER1o,Ni8=CER1o,Ni9=ER1*F*D8,Ni10=CER1o,Ni11=CER1o,Ni12=CER1o,Ni13=CER1o,Ni14=CER1o,Ni15=CER1o,Ni16=CER1o,Ni17=CER1o,Ni18=CER1o
Nj1=CER1o,Nj2=CER1o,Nj3=CER1o,Nj4=CER1o,Nj5=CER1o,Nj6=ER1*D*D11,Nj7=CER1o,Nj8=CER1o,Nj9=CER1o,Nj10=E0*k5*M6*G*D10,Nj11=-E0*k5*M6*G*D9,Nj12=CER1o,Nj13=CER1o,Nj14=CER1o,Nj15=CER1o,Nj16=CER1o,Nj17=CER1o,Nj18=CER1o
Nk1=CER1o,Nk2=CER1o,Nk3=CER1o,Nk4=CER1o,Nk5=CER1o,Nk6=CER1o,Nk7=CER1o,Nk8=CER1o,Nk9=CER1o,Nk10=E0*G*D10,Nk11=E0*G*D9,Nk12=CER1o,Nk13=CER1o,Nk14=ER1*k6*M8*I*D15,Nk15=-ER1*k6*M8*I*D14,Nk16=CER1o,Nk17=CER1o,Nk18=CER1o
Nl1=CER1o,Nl2=CER1o,Nl3=CER1o,Nl4=CER1o,Nl5=CER1o,Nl6=CER1o,Nl7=M7T*Uno,Nl8=M7T*Uno,Nl9=CER1o,Nl10=CER1o,Nl11=CER1o,Nl12=-k9*Uno,Nl13=k9*Uno,Nl14=CER1o,Nl15=CER1o,Nl16=CER1o,Nl17=CER1o,Nl18=CER1o
Nm1=CER1o,Nm2=CER1o,Nm3=CER1o,Nm4=CER1o,Nm5=CER1o,Nm6=CER1o,Nm7=CER1o,Nm8=CER1o,Nm9=CER1o,Nm10=CER1o,Nm11=CER1o,Nm12=E0*k4*M9*H*D13,Nm13=E0*k4*M9*H*D12,Nm14=CER1o,Nm15=CER1o,Nm16=ER1*F*D16,Nm17=CER1o,Nm18=CER1o
Nn1=CER1o,Nn2=CER1o,Nn3=CER1o,Nn4=CER1o,Nn5=CER1o,Nn6=CER1o,Nn7=CER1o,Nn8=CER1o,Nn9=CER1o,Nn10=CER1o,Nn11=CER1o,Nn12=CER1o,Nn13=CER1o,Nn14=k3*M10*I*D15,Nn15=k3*M10*I*D14,Nn16=CER1o,Nn17=CER1o,Nn18=E*D18
No1=CER1o,No2=CER1o,No3=CER1o,No4=CER1o,No5=CER1o,No6=CER1o,No7=CER1o,No8=CER1o,No9=CER1o,No10=M8T*Uno,No11=M8T*Uno,No12=CER1o,No13=CER1o,No14=k10*Uno,No15=-k10*Uno,No16=CER1o,No17=CER1o,No18=CER1o
Np1=CER1o,Np2=CER1o,Np3=CER1o,Np4=CER1o,Np5=CER1o,Np6=CER1o,Np7=CER1o,Np8=CER1o,Np9=CER1o,Np10=CER1o,Np11=CER1o,Np12=k9*Uno,Np13=k9*Uno,Np14=CER1o,Np15=CER1o,Np16=-M9T*Uno,Np17=CER1o,Np18=CER1o
Nq1=CER1o,Nq2=CER1o,Nq3=CER1o,Nq4=CER1o,Nq5=CER1o,Nq6=CER1o,Nq7=CER1o,Nq8=CER1o,Nq9=CER1o,Nq10=CER1o,Nq11=CER1o,Nq12=CER1o,Nq13=CER1o,Nq14=k6*M8*I*D15,Nq15=k6*M8*I*D14,Nq16=CER1o,Nq17=G*D17,Nq18=CER1o
Nr1=CER1o,Nr2=CER1o,Nr3=CER1o,Nr4=CER1o,Nr5=CER1o,Nr6=CER1o,Nr7=CER1o,Nr8=CER1o,Nr9=CER1o,Nr10=CER1o,Nr11=CER1o,Nr12=CER1o,Nr13=CER1o,Nr14=k10*Uno,Nr15=k10*Uno,Nr16=CER1o,Nr17=-M8T*Uno,Nr18=-M10T*Uno